Date(UTC),AreaDisplayName,00:00,01:00,02:00,03:00,04:00,05:00,06:00,07:00,08:00,09:00,10:00,11:00,12:00,13:00,14:00,15:00,16:00,17:00,18:00,19:00,20:00,21:00,22:00,23:00
2022-01-01,France (FR),78.48,85.16,50.0,37.67,39.7,40.59,43.26,49.66,70.05,76.79,84.1,94.74,96.8,97.17,98.52,114.5,149.97,146.33,140.28,121.88,102.61,97.46,85.16,57.08
2022-01-02,France (FR),52.59,48.97,34.94,29.56,33.97,34.52,41.8,48.95,60.01,70.09,66.26,64.54,46.96,40.01,39.3,40.79,47.91,65.09,67.85,62.22,46.16,46.29,32.93,2.71
2022-01-03,France (FR),1.71,1.24,0.06,0.09,1.44,41.11,90.54,161.79,180.36,125.03,100.74,96.39,95.22,102.67,112.87,126.8,148.49,175.06,180.0,146.43,105.71,114.11,100.36,125.47
2022-01-04,France (FR),115.55,113.29,105.81,105.0,115.11,156.91,182.64,178.91,190.0,189.88,182.42,182.46,179.59,179.0,180.93,166.69,189.88,184.94,178.99,156.12,148.65,137.92,105.0,120.11
2022-01-05,France (FR),105.1,84.5,75.38,79.11,94.79,169.04,215.98,211.13,226.52,224.45,202.8,205.0,197.34,195.6,200.0,206.07,242.1,265.0,265.0,241.93,218.95,207.46,200.0,207.15
2022-01-06,France (FR),204.22,191.82,180.7,170.1,194.38,204.22,228.25,240.98,257.44,245.24,231.9,226.0,209.2,216.06,230.77,245.95,274.11,273.44,278.36,251.71,229.96,216.44,210.0,213.47
2022-01-07,France (FR),189.0,180.0,164.9,162.8,165.0,165.2,215.89,254.19,257.24,254.18,241.22,240.2,212.69,207.05,210.11,220.21,243.84,260.0,250.0,239.09,213.81,216.13,205.74,184.96
2022-01-08,France (FR),162.79,166.0,161.63,160.0,154.3,166.0,182.91,215.89,231.0,228.95,215.39,206.68,185.0,169.52,162.8,161.73,189.9,189.16,185.53,159.47,126.09,123.73,147.94,109.18
2022-01-09,France (FR),89.61,80.24,55.46,45.82,48.5,74.29,89.78,104.79,147.36,149.48,157.71,167.63,165.06,170.09,189.04,190.96,223.3,243.94,240.0,230.82,214.02,215.88,203.8,196.23
2022-01-10,France (FR),191.85,195.91,186.66,178.04,191.65,237.44,299.95,313.92,315.0,310.41,310.08,300.0,297.01,299.96,302.73,297.97,313.79,310.82,294.98,267.45,242.23,217.03,198.93,210.34
2022-01-11,France (FR),202.42,197.6,193.0,194.9,204.45,230.92,286.61,300.02,297.16,277.02,261.69,249.44,247.7,255.01,277.9,289.94,316.4,315.9,309.2,285.33,245.0,235.22,211.84,196.65
2022-01-12,France (FR),187.1,184.27,179.58,178.33,193.5,236.76,273.18,300.1,292.74,275.5,258.65,245.11,232.08,234.77,240.01,255.0,284.82,285.97,269.03,253.1,222.79,213.64,200.22,190.0
2022-01-13,France (FR),188.72,187.87,182.88,186.65,187.42,195.09,236.26,243.53,257.58,254.17,230.0,223.12,214.0,214.88,221.65,243.44,266.3,274.0,262.95,252.46,230.1,217.65,207.99,205.0
2022-01-14,France (FR),199.96,196.42,192.77,192.43,197.6,218.9,259.24,284.66,292.5,274.1,256.54,243.74,217.97,213.01,220.0,238.05,262.0,280.67,269.0,243.07,225.61,216.68,205.96,222.01
2022-01-15,France (FR),214.92,209.61,196.7,193.04,195.05,200.9,217.21,223.76,230.0,222.39,214.92,208.43,200.0,203.09,213.98,226.32,260.0,267.03,261.41,243.62,227.85,222.66,217.0,225.92
2022-01-16,France (FR),216.0,207.62,197.22,186.7,186.6,198.01,200.03,200.0,204.86,204.5,204.43,205.21,195.02,191.9,196.92,201.02,222.87,257.45,265.36,257.13,241.9,228.52,206.0,252.53
2022-01-17,France (FR),242.23,232.25,215.01,209.55,222.78,249.93,297.21,290.0,306.09,288.72,272.94,279.97,255.46,253.64,256.99,264.73,276.49,299.03,288.69,277.01,257.64,248.63,229.6,213.9
2022-01-18,France (FR),203.27,200.48,194.52,193.99,205.0,229.1,274.05,294.4,290.64,275.4,265.1,250.0,244.27,243.02,249.22,260.0,278.0,294.36,278.41,259.29,240.0,225.84,213.54,211.77
2022-01-19,France (FR),199.85,203.69,193.91,188.7,195.36,222.81,283.8,285.36,270.11,272.63,278.02,256.0,240.0,229.39,235.31,229.06,236.0,282.7,273.89,254.21,222.26,208.8,191.09,194.18
2022-01-20,France (FR),185.18,179.53,171.43,168.18,181.5,212.34,257.23,272.9,281.62,269.14,268.78,262.0,242.02,229.0,219.91,227.0,248.51,265.0,265.45,246.1,220.56,206.12,198.75,197.6
2022-01-21,France (FR),187.0,192.99,186.69,182.3,192.17,211.68,253.84,263.75,261.98,242.24,221.87,213.47,195.3,192.48,190.0,189.45,228.63,266.0,260.29,233.1,221.97,207.56,208.29,198.3
2022-01-22,France (FR),189.2,187.21,178.72,176.04,176.35,187.35,196.91,210.0,215.38,217.6,209.66,201.72,191.05,189.99,196.5,196.52,222.31,240.0,245.27,227.75,211.88,203.0,197.0,197.14
2022-01-23,France (FR),190.0,187.98,179.73,179.04,179.49,179.93,189.99,190.0,195.31,195.34,195.87,195.41,186.29,184.49,190.0,194.0,214.95,239.49,244.31,224.96,204.84,201.0,187.68,190.27
2022-01-24,France (FR),179.61,178.3,177.46,177.61,190.0,224.83,265.0,300.02,299.39,275.88,270.0,245.84,240.08,244.0,256.49,273.57,307.38,341.85,315.31,274.98,250.0,235.02,215.02,220.27
2022-01-25,France (FR),212.9,203.75,196.24,198.89,215.01,268.0,340.68,399.06,399.01,360.0,347.4,327.93,304.72,310.0,313.0,303.79,366.43,399.06,373.75,306.79,262.03,238.82,215.0,244.86
2022-01-26,France (FR),235.0,231.86,228.0,225.01,233.16,264.79,309.89,361.92,344.28,306.5,299.36,285.0,260.0,264.5,259.36,274.28,301.48,343.0,313.79,291.63,251.77,242.77,238.7,238.4
2022-01-27,France (FR),231.45,229.0,223.08,221.36,230.0,260.01,300.0,353.56,327.04,294.94,270.78,260.56,245.0,242.93,238.52,243.16,264.78,321.0,308.03,285.11,240.16,239.0,223.62,232.13
2022-01-28,France (FR),220.0,216.95,217.26,214.81,220.73,253.9,305.58,327.68,310.0,293.08,270.0,256.79,246.02,233.67,237.08,237.92,260.0,266.07,260.08,250.0,238.88,229.05,217.99,228.06
2022-01-29,France (FR),216.52,199.56,204.94,202.12,196.98,208.12,224.53,238.74,235.88,236.02,220.87,217.41,212.19,206.99,181.97,180.84,187.57,247.0,263.03,251.14,232.26,233.66,227.12,227.12
2022-01-30,France (FR),220.58,216.0,207.63,206.5,211.34,214.0,223.0,218.0,229.0,223.53,231.2,234.89,221.86,214.01,209.03,220.0,229.0,261.5,263.39,234.05,224.9,221.26,203.38,208.74
2022-01-31,France (FR),199.88,193.43,152.33,100.13,135.4,193.09,240.0,251.24,251.92,248.08,243.21,237.81,221.57,207.22,193.81,195.13,240.67,253.8,260.0,252.22,223.07,218.69,202.01,208.4
2022-02-01,France (FR),192.62,194.16,186.1,169.97,181.0,213.49,251.89,257.15,246.61,235.51,225.66,232.11,190.02,191.09,171.89,190.96,216.88,245.01,253.0,251.87,215.51,207.14,202.3,184.75
2022-02-02,France (FR),178.69,170.1,168.08,169.53,174.97,182.0,220.72,223.5,229.64,229.78,213.94,207.77,198.66,193.94,193.09,201.53,238.01,266.9,265.0,237.0,203.0,198.66,190.1,188.96
2022-02-03,France (FR),181.56,181.56,170.26,158.81,171.84,193.21,232.74,246.0,231.79,213.26,209.0,199.1,192.68,197.25,207.92,207.4,224.15,237.72,245.68,240.0,212.67,204.88,194.74,189.1
2022-02-04,France (FR),181.32,179.34,167.44,156.09,160.92,174.82,217.03,222.31,227.87,220.72,193.8,190.0,175.08,179.95,174.54,163.86,196.31,218.63,233.34,227.66,185.05,204.74,187.49,214.56
2022-02-05,France (FR),204.59,190.2,187.86,182.02,181.42,190.05,190.98,214.04,210.01,216.43,189.95,190.15,189.0,174.9,170.47,173.95,178.28,223.01,226.5,220.38,178.47,174.99,166.44,166.0
2022-02-06,France (FR),167.08,134.0,77.44,48.99,27.2,71.03,94.34,88.68,162.33,178.75,177.51,179.89,167.14,136.4,124.16,144.12,140.44,194.71,214.05,134.4,140.42,142.67,175.38,173.29
2022-02-07,France (FR),166.47,168.74,154.94,162.45,176.0,205.0,239.03,261.17,256.0,238.99,224.28,213.15,206.24,200.16,186.03,190.15,206.36,235.78,239.42,226.8,210.77,201.3,189.55,184.0
2022-02-08,France (FR),179.88,174.68,170.88,177.88,183.62,190.74,240.11,250.0,233.59,211.5,190.1,185.84,182.44,179.41,178.62,184.1,211.47,240.0,249.49,239.01,214.5,208.28,200.57,195.0
2022-02-09,France (FR),187.38,185.0,183.44,182.59,182.65,200.23,237.91,248.83,235.8,220.45,202.96,192.45,188.05,183.44,188.1,189.95,219.0,249.12,257.28,243.95,224.54,217.74,207.0,200.99
2022-02-10,France (FR),192.61,185.1,172.23,172.91,174.88,203.2,233.46,240.32,230.16,216.24,206.55,193.23,180.14,177.45,184.55,195.98,215.77,238.0,248.01,235.01,215.66,209.99,195.71,196.17
2022-02-11,France (FR),178.85,175.05,167.2,165.0,171.3,196.95,227.13,245.39,242.69,238.96,236.96,219.8,201.99,193.11,172.54,191.92,220.57,243.35,241.18,221.31,216.0,205.79,197.89,195.91
2022-02-12,France (FR),187.2,184.89,170.24,166.0,168.38,184.74,207.43,210.89,211.17,203.23,184.74,179.99,171.0,168.39,166.79,171.56,194.89,212.52,231.55,213.0,202.14,201.76,193.94,196.9
2022-02-13,France (FR),186.52,184.3,162.15,149.9,169.4,170.3,191.08,169.5,169.8,163.34,148.3,148.2,117.92,70.0,93.07,104.77,123.9,164.59,181.92,170.6,122.8,127.79,119.27,153.57
2022-02-14,France (FR),150.0,142.49,107.5,105.0,146.96,170.84,217.51,224.59,228.2,218.09,200.42,210.73,195.05,171.53,156.11,176.33,202.33,223.85,248.71,229.02,218.95,201.98,194.81,198.18
2022-02-15,France (FR),189.0,179.7,173.4,165.85,169.3,204.2,234.06,250.79,240.0,220.43,202.38,183.62,162.9,162.68,162.52,163.1,188.87,205.51,230.69,206.37,200.57,175.16,173.4,156.99
2022-02-16,France (FR),155.38,132.78,117.56,104.8,111.58,142.95,188.39,196.78,186.37,155.89,157.41,165.0,155.2,143.25,138.17,135.39,152.58,174.23,195.45,165.05,150.48,148.97,128.39,75.99
2022-02-17,France (FR),53.47,45.53,18.99,18.53,33.02,116.29,146.69,196.99,192.69,170.0,154.99,145.54,133.89,138.88,131.82,154.68,153.19,191.37,213.27,196.54,177.26,154.52,170.75,173.17
2022-02-18,France (FR),168.84,167.29,156.88,116.52,119.09,140.99,185.05,189.28,173.24,150.0,138.0,139.99,135.4,141.07,144.14,151.59,156.84,190.0,200.0,192.2,178.03,154.0,146.86,88.93
2022-02-19,France (FR),77.24,98.06,77.2,82.57,96.6,111.99,136.4,138.97,169.88,140.7,131.78,120.84,82.65,60.97,76.07,81.74,107.45,152.36,170.15,159.01,141.83,157.87,121.43,104.38
2022-02-20,France (FR),99.9,98.67,90.65,88.43,87.17,80.0,80.08,88.28,95.06,101.64,100.15,99.09,80.85,72.2,57.75,69.21,96.78,136.36,150.36,123.88,105.88,86.18,71.31,123.07
2022-02-21,France (FR),115.0,106.1,59.72,61.44,91.91,139.53,195.01,218.02,216.98,198.36,170.11,161.36,147.1,141.6,125.52,141.6,162.14,192.11,201.76,192.0,177.71,175.0,174.99,176.59
2022-02-22,France (FR),169.72,165.3,163.06,158.0,164.39,190.01,200.86,211.59,199.63,191.63,174.38,171.33,160.0,144.82,140.0,139.67,159.64,182.61,211.57,193.66,173.44,181.77,176.4,178.55
2022-02-23,France (FR),172.87,167.5,163.59,163.07,169.55,201.58,211.93,216.82,214.72,205.51,193.5,183.9,177.89,167.38,161.92,162.8,205.72,230.0,236.86,212.24,178.94,186.7,181.55,184.7
2022-02-24,France (FR),162.27,162.82,162.37,150.08,164.94,170.2,211.06,234.49,220.09,213.91,190.69,195.06,191.09,186.35,163.17,165.15,164.46,203.79,220.36,215.74,200.54,194.43,163.71,230.0
2022-02-25,France (FR),193.16,179.7,159.99,153.32,170.0,203.75,285.41,287.05,294.42,264.02,246.14,252.21,240.3,237.5,232.28,240.0,260.68,298.34,349.0,292.32,278.29,273.56,268.99,285.41
2022-02-26,France (FR),265.0,259.73,246.0,230.3,237.17,249.98,263.46,275.57,267.37,245.75,213.02,196.64,178.97,177.04,197.47,225.08,259.9,299.0,300.7,277.91,235.8,242.15,212.09,195.65
2022-02-27,France (FR),180.7,174.44,172.31,174.5,177.1,186.05,191.54,191.54,196.64,186.05,182.07,186.05,153.76,111.68,151.54,176.15,229.9,275.76,279.84,268.39,225.49,240.0,210.12,204.01
2022-02-28,France (FR),202.79,202.68,196.33,197.0,217.0,284.97,322.9,308.9,278.4,258.45,221.3,224.0,221.88,220.0,218.97,253.79,280.56,300.0,315.51,296.08,271.4,266.7,259.25,259.96
2022-03-01,France (FR),255.93,241.01,224.0,221.0,231.31,268.04,299.02,301.4,294.6,265.02,230.0,225.8,221.5,235.02,261.24,283.2,315.87,362.75,354.11,315.87,286.0,266.94,260.79,251.04
2022-03-02,France (FR),248.43,242.06,233.14,233.62,250.0,278.54,317.33,331.95,298.1,268.3,256.41,246.25,230.89,234.93,245.96,260.72,297.62,361.13,383.34,310.66,279.99,265.78,250.25,331.16
2022-03-03,France (FR),322.53,316.0,307.01,307.3,332.27,370.78,405.0,400.0,363.17,326.79,329.03,329.26,315.06,301.15,319.58,336.53,398.53,410.0,405.05,390.0,350.0,333.88,319.9,351.07
2022-03-04,France (FR),346.6,329.4,304.05,315.0,349.07,398.6,410.0,410.05,385.16,373.95,351.1,343.71,309.97,316.3,331.91,355.77,380.94,410.0,410.0,400.08,390.2,384.6,371.33,376.5
2022-03-05,France (FR),360.0,350.0,330.0,338.85,347.04,369.0,378.1,370.53,369.14,359.45,327.33,326.18,302.01,265.53,301.36,339.99,385.63,405.78,409.3,400.0,377.25,369.63,362.4,390.61
2022-03-06,France (FR),353.0,345.16,334.21,339.44,342.09,350.13,365.86,353.0,390.36,351.07,346.25,350.25,309.96,276.81,293.15,308.27,385.16,435.08,454.28,436.35,412.02,412.02,411.65,377.56
2022-03-07,France (FR),369.83,368.94,359.21,361.71,397.23,465.77,512.36,515.01,483.0,449.03,418.17,413.74,354.6,338.65,352.54,400.0,450.0,484.95,512.44,475.0,439.94,426.46,379.02,450.95
2022-03-08,France (FR),449.5,449.5,424.88,429.89,449.6,582.48,690.0,650.0,601.0,582.0,548.09,515.4,438.2,424.8,418.4,514.31,603.08,674.93,700.0,654.91,580.32,577.47,566.06,468.46
2022-03-09,France (FR),450.01,425.0,420.03,420.03,440.0,523.76,579.45,554.76,504.54,439.6,398.12,359.71,356.74,368.98,393.13,425.09,529.43,574.93,605.0,534.65,448.75,449.06,425.89,372.89
2022-03-10,France (FR),320.0,321.59,310.09,310.07,335.01,414.66,436.06,452.69,422.6,400.95,356.35,361.4,345.92,320.93,320.0,319.6,387.01,415.64,443.75,430.01,373.49,323.25,319.5,270.0
2022-03-11,France (FR),249.99,232.68,193.87,144.8,169.96,288.66,303.81,311.53,309.41,300.01,273.94,277.17,270.0,274.4,271.99,274.73,299.99,310.8,350.0,356.97,279.2,341.95,331.79,290.0
2022-03-12,France (FR),281.96,275.2,244.18,238.22,251.88,249.41,267.49,292.38,294.0,274.01,264.62,258.55,247.69,195.15,196.27,204.4,287.3,323.3,290.96,292.91,282.72,269.55,262.77,214.5
2022-03-13,France (FR),211.42,207.0,189.31,174.51,200.0,213.69,215.0,214.9,250.0,220.67,215.0,270.93,255.63,225.18,223.47,225.55,260.01,290.0,362.02,389.9,351.1,321.96,305.91,291.55
2022-03-14,France (FR),280.03,232.24,224.76,219.91,230.06,329.2,360.0,365.62,335.49,313.6,289.15,293.8,239.34,235.36,271.98,295.85,346.5,390.01,435.42,365.26,322.7,300.73,261.86,248.92
2022-03-15,France (FR),245.03,241.79,240.07,242.69,262.4,314.81,336.39,347.43,320.57,299.6,296.17,279.33,277.51,281.7,286.38,306.09,321.46,360.06,405.02,333.67,304.19,283.17,264.11,253.41
2022-03-16,France (FR),251.4,247.5,240.01,238.5,249.72,296.96,317.7,314.0,295.94,276.6,265.36,270.24,270.68,275.08,273.2,265.1,294.92,319.13,336.69,306.25,280.38,274.54,266.59,246.27
2022-03-17,France (FR),241.34,236.9,223.3,184.49,225.31,239.3,284.91,309.23,305.9,254.46,263.28,255.95,250.4,257.51,246.63,251.92,275.52,309.42,347.21,295.92,259.29,244.66,237.2,203.03
2022-03-18,France (FR),206.97,211.9,206.5,209.9,217.06,262.97,291.51,287.81,255.95,239.98,225.0,224.47,212.46,200.78,208.01,220.53,245.54,275.31,286.52,252.9,216.95,228.5,221.27,224.06
2022-03-19,France (FR),214.46,225.0,197.88,185.06,190.8,214.95,204.14,234.64,237.97,227.75,193.49,192.13,133.54,93.7,116.4,188.85,195.13,221.03,285.02,280.46,249.98,249.94,246.42,215.49
2022-03-20,France (FR),216.31,208.69,199.3,198.8,198.9,206.76,221.1,212.94,210.0,199.0,210.0,215.77,196.7,191.14,194.05,210.06,233.08,215.96,292.1,292.92,248.52,247.6,237.11,233.08
2022-03-21,France (FR),220.58,213.59,200.0,189.99,202.99,264.0,288.0,275.49,255.13,242.28,218.69,222.21,218.5,215.85,216.06,235.51,272.47,309.6,336.98,287.57,258.49,240.29,228.88,223.0
2022-03-22,France (FR),215.0,207.0,206.36,203.0,220.92,273.7,287.34,281.1,246.21,217.98,212.63,214.83,197.99,194.75,199.86,230.01,257.12,301.03,351.0,290.84,256.0,242.18,228.49,219.48
2022-03-23,France (FR),200.05,200.62,198.08,204.09,226.15,275.45,299.25,281.36,251.67,219.1,209.77,204.99,197.54,196.8,202.6,217.99,266.05,312.28,374.14,311.03,270.0,246.77,233.32,220.78
2022-03-24,France (FR),212.87,211.78,211.8,212.93,223.32,282.97,305.07,295.26,258.13,239.8,221.99,213.1,215.3,215.36,212.92,232.58,266.99,310.76,371.11,295.4,256.86,240.04,230.0,262.48
2022-03-25,France (FR),245.51,234.29,230.15,226.01,254.91,315.0,333.86,322.05,297.08,282.74,264.99,253.26,250.08,246.38,232.84,251.07,276.28,300.77,339.9,300.0,281.86,274.94,270.47,266.14
2022-03-26,France (FR),252.19,246.75,224.9,211.09,216.18,235.58,219.0,235.58,232.0,220.3,203.24,205.61,199.85,196.61,198.3,201.39,232.42,262.5,292.24,270.1,244.98,244.94,237.75,235.0
2022-03-27,France (FR),221.93,214.02,212.0,211.09,210.31,214.03,214.08,214.07,205.02,197.61,192.08,157.81,93.99,94.99,141.59,194.83,220.0,262.52,285.0,275.12,264.08,242.9,216.79,206.96
2022-03-28,France (FR),201.18,195.75,195.01,216.02,274.95,325.98,374.32,338.15,280.79,243.0,238.89,219.55,217.9,210.1,208.55,203.77,260.31,304.62,300.27,283.0,256.11,243.97,227.31,219.36
2022-03-29,France (FR),212.89,210.0,212.89,225.27,259.1,295.36,319.09,299.9,298.01,275.94,274.02,257.78,248.01,241.11,236.0,246.53,279.06,302.49,298.3,263.45,272.72,270.04,265.14,249.56
2022-03-30,France (FR),237.45,229.08,232.33,242.0,283.0,313.48,347.53,370.1,377.06,411.92,378.52,342.53,348.5,308.22,271.02,269.81,294.7,309.97,325.03,282.69,272.75,267.84,275.67,258.17
2022-03-31,France (FR),255.76,249.0,243.24,247.5,293.73,323.8,423.41,421.0,324.55,299.46,297.99,294.13,287.64,265.58,244.27,224.04,255.29,300.0,356.09,320.8,289.12,310.6,278.29,254.44
2022-04-01,France (FR),257.19,249.69,248.97,258.23,315.7,421.0,470.02,400.0,348.13,348.5,336.56,323.15,294.35,287.5,282.69,282.7,305.82,335.2,380.0,346.58,315.34,279.9,309.0,295.0
2022-04-02,France (FR),295.0,273.94,262.8,276.22,287.9,279.54,323.98,333.99,333.41,318.2,315.6,296.0,289.51,271.08,263.21,280.08,310.62,335.1,350.0,332.3,324.1,313.55,296.01,283.71
2022-04-03,France (FR),280.55,275.4,257.01,258.73,270.6,275.0,277.34,252.01,237.23,239.07,270.22,285.0,224.38,217.84,228.73,252.55,308.9,367.93,435.0,425.76,475.75,328.97,329.09,310.0
2022-04-04,France (FR),329.09,329.07,328.97,413.32,410.13,2712.99,2987.78,478.81,408.01,354.15,326.48,308.95,293.59,286.9,267.81,276.98,319.63,372.01,378.9,345.27,341.1,325.33,292.5,271.64
2022-04-05,France (FR),276.94,269.76,264.25,273.31,316.11,372.27,448.9,414.14,345.42,325.22,334.99,301.79,283.67,279.27,275.88,274.27,285.4,309.93,306.68,300.69,291.22,285.0,278.11,265.0
2022-04-06,France (FR),259.5,252.0,254.5,265.27,290.92,350.0,395.15,340.0,316.62,298.75,291.23,275.76,265.15,253.75,234.94,198.94,203.38,228.93,277.47,277.1,262.38,249.59,249.24,221.78
2022-04-07,France (FR),203.77,172.6,129.15,174.37,224.76,264.22,270.0,268.3,254.0,229.14,230.13,229.42,225.15,172.3,180.1,170.7,192.98,193.5,268.3,266.75,249.99,228.38,218.98,183.67
2022-04-08,France (FR),214.51,213.07,214.71,209.41,248.54,260.42,302.05,333.2,340.0,330.0,284.68,268.34,236.8,210.46,186.11,202.31,229.9,267.77,259.04,252.08,248.58,239.91,244.12,235.7
2022-04-09,France (FR),236.91,232.0,233.35,236.91,236.21,237.38,237.18,263.0,240.0,232.25,234.02,230.0,221.01,186.4,184.67,217.1,238.04,260.56,294.88,294.88,284.75,287.84,282.48,266.3
2022-04-10,France (FR),270.93,256.79,246.89,239.91,250.41,249.53,249.53,228.3,226.0,217.43,220.0,186.72,75.09,38.87,89.72,145.24,219.7,257.1,283.12,260.0,245.57,224.3,233.45,218.67
2022-04-11,France (FR),214.97,200.92,195.55,220.56,264.91,299.93,285.03,255.0,214.92,190.71,187.85,181.84,179.98,179.77,182.86,219.39,263.32,296.99,290.37,267.81,247.99,204.4,220.26,188.71
2022-04-12,France (FR),188.15,183.0,185.55,191.53,229.54,268.78,260.33,252.88,266.13,249.53,246.2,242.85,244.81,241.58,240.24,231.32,258.02,277.33,280.04,282.26,270.0,260.0,242.75,229.77
2022-04-13,France (FR),220.0,201.85,190.9,212.32,248.74,269.35,273.83,254.25,242.75,234.99,227.67,208.0,201.18,196.0,200.47,241.25,266.2,298.95,301.63,269.03,250.0,231.94,232.45,207.63
2022-04-14,France (FR),200.14,198.05,199.97,204.46,254.0,272.33,282.11,252.78,216.35,212.54,202.76,195.19,193.64,191.99,194.53,212.8,244.94,271.07,272.31,265.46,253.68,238.98,214.9,202.21
2022-04-15,France (FR),197.03,193.7,192.21,196.86,205.33,221.41,229.31,228.43,191.87,187.81,188.03,167.65,157.38,151.11,155.01,179.32,196.21,228.35,235.99,235.26,224.45,213.81,191.16,183.37
2022-04-16,France (FR),178.09,174.21,174.46,179.87,188.98,191.12,189.6,172.62,146.58,121.99,99.99,89.99,42.97,40.32,65.84,107.71,171.19,195.08,205.81,194.47,175.84,166.88,160.22,139.97
2022-04-17,France (FR),128.46,123.38,133.96,139.96,146.1,144.01,133.55,100.0,75.92,60.14,50.08,25.21,0.0,0.08,15.0,66.2,158.02,182.55,191.54,189.59,171.46,158.07,95.9,81.0
2022-04-18,France (FR),84.0,81.0,85.25,92.31,100.94,112.53,120.57,121.77,97.49,89.89,95.9,63.15,45.0,60.58,82.92,121.25,189.84,240.3,250.73,229.75,221.23,202.0,205.0,192.98
2022-04-19,France (FR),191.14,190.95,190.0,200.61,251.27,291.43,295.43,255.71,244.87,216.25,214.09,200.73,195.01,196.42,186.77,196.74,224.93,239.03,240.01,223.6,200.0,184.2,191.0,189.55
2022-04-20,France (FR),183.1,183.28,183.38,197.96,227.24,249.92,249.9,209.96,193.5,192.99,200.0,185.47,175.6,176.31,175.94,196.15,222.95,249.0,250.0,239.18,220.1,201.97,188.55,179.92
2022-04-21,France (FR),181.08,178.92,180.5,199.92,229.76,256.02,256.25,232.26,207.93,206.44,199.36,189.59,183.04,173.91,175.45,185.41,204.96,220.62,223.61,220.44,199.71,187.81,216.06,190.91
2022-04-22,France (FR),187.01,179.41,176.09,189.58,218.07,239.95,244.1,221.05,197.77,188.98,201.26,197.1,188.14,183.07,194.85,189.96,206.43,209.61,209.97,213.08,191.96,178.04,180.21,173.15
2022-04-23,France (FR),168.03,142.0,126.58,122.45,135.31,149.99,168.64,211.94,203.42,204.43,216.83,210.08,207.06,165.09,145.32,158.46,170.48,168.19,171.83,173.15,182.48,181.44,144.0,115.0
2022-04-24,France (FR),136.36,108.45,102.39,112.99,130.04,137.02,154.0,188.3,170.08,150.36,153.22,135.23,116.95,108.24,102.0,112.99,165.01,198.65,224.95,217.3,205.73,186.99,184.96,183.78
2022-04-25,France (FR),185.63,186.1,188.12,200.06,237.23,261.87,272.47,249.06,232.59,227.97,211.0,200.0,194.9,191.99,189.5,205.93,243.59,273.88,275.71,264.93,254.0,232.61,237.76,231.13
2022-04-26,France (FR),222.62,211.79,214.47,232.95,251.07,282.27,284.52,265.4,251.32,245.24,242.21,219.08,210.91,210.63,207.26,232.75,254.11,281.0,286.76,270.01,255.0,245.51,206.72,198.01
2022-04-27,France (FR),196.36,194.53,197.51,209.94,242.97,254.96,265.98,252.74,235.38,216.74,207.66,200.62,193.22,190.96,191.35,206.49,239.31,267.9,266.33,254.94,235.33,202.57,214.63,201.94
2022-04-28,France (FR),198.0,201.37,201.5,218.35,255.0,283.37,279.29,251.26,224.93,214.7,208.0,200.09,197.05,196.3,197.13,217.63,255.0,279.09,284.91,268.91,253.56,222.78,206.05,203.15
2022-04-29,France (FR),202.52,203.23,205.09,213.86,255.77,280.06,291.22,256.34,230.33,217.4,208.37,197.25,195.24,195.04,206.0,216.3,246.98,262.08,265.87,254.97,241.56,221.46,204.78,189.1
2022-04-30,France (FR),189.91,187.47,189.96,194.81,201.0,206.59,210.01,205.85,195.95,186.58,180.04,172.94,166.35,159.69,158.44,192.02,226.09,246.97,252.64,247.11,239.09,219.0,206.0,199.7
2022-05-01,France (FR),197.56,192.2,197.43,201.32,195.0,194.95,186.94,182.04,177.31,176.5,174.92,150.74,140.4,138.9,155.9,187.04,215.85,249.43,254.94,243.03,239.72,215.97,206.46,199.87
2022-05-02,France (FR),194.69,193.76,196.34,209.96,248.88,270.0,264.57,238.98,194.27,189.97,196.23,190.45,187.65,185.05,188.2,218.72,240.71,260.02,265.41,253.52,241.11,219.92,184.5,182.09
2022-05-03,France (FR),184.08,185.12,187.04,191.19,236.26,255.96,255.96,232.7,206.07,200.24,197.06,197.29,194.89,195.54,197.99,218.99,249.96,269.94,270.23,261.77,253.21,228.94,206.0,200.0
2022-05-04,France (FR),200.34,201.12,201.14,224.32,256.58,296.9,280.1,255.09,233.85,232.82,223.63,219.02,212.2,201.16,206.24,230.1,249.98,275.44,281.49,263.37,246.9,232.47,225.2,208.44
2022-05-05,France (FR),208.12,205.09,204.9,220.77,254.96,275.06,268.02,252.96,235.03,232.09,225.15,215.04,210.9,206.64,209.14,229.0,246.24,263.0,276.61,259.96,251.84,238.52,220.69,213.74
2022-05-06,France (FR),207.56,204.02,206.57,219.07,255.91,274.92,262.97,236.8,220.0,208.13,207.4,191.81,190.01,187.01,192.7,211.59,239.09,256.79,262.69,255.91,247.78,235.46,225.12,216.94
2022-05-07,France (FR),207.36,200.01,199.5,200.1,201.78,216.28,217.04,208.57,194.17,190.67,186.55,174.37,166.7,159.17,168.22,185.3,201.62,222.74,231.57,229.0,223.12,208.38,208.1,193.3
2022-05-08,France (FR),191.92,186.01,182.98,186.06,184.97,185.93,183.62,163.45,140.33,123.17,128.06,116.87,110.68,93.26,113.6,155.8,196.04,234.6,238.99,238.35,225.91,217.9,209.08,199.21
2022-05-09,France (FR),196.07,191.11,193.68,210.72,240.0,256.23,250.04,219.21,199.95,197.6,200.23,199.15,191.92,183.94,190.63,220.93,247.97,280.0,280.0,250.44,237.08,216.72,216.41,205.61
2022-05-10,France (FR),184.72,169.98,172.49,202.35,224.08,237.95,235.0,220.0,210.02,201.5,195.63,186.52,185.0,176.22,179.37,193.58,209.78,234.92,239.95,236.96,229.09,223.91,207.15,192.8
2022-05-11,France (FR),185.5,179.0,179.46,185.72,216.37,233.22,224.0,200.0,180.24,180.03,177.39,163.98,172.63,154.4,160.49,157.37,184.18,219.3,221.93,220.0,206.01,192.93,166.04,164.99
2022-05-12,France (FR),163.98,161.11,163.02,172.42,211.94,230.56,223.46,210.0,204.22,211.3,198.05,166.04,166.75,163.98,163.98,187.26,233.63,235.01,241.77,233.17,224.32,212.97,210.0,202.71
2022-05-13,France (FR),189.0,174.74,176.26,203.2,226.93,242.74,242.29,225.1,207.46,201.1,195.18,190.58,187.46,165.5,166.0,164.99,195.18,221.47,231.09,229.0,223.95,221.95,202.93,182.69
2022-05-14,France (FR),185.04,196.48,166.88,177.71,184.07,194.3,184.94,160.0,146.88,160.77,159.83,142.07,138.5,136.59,147.92,162.02,206.38,225.0,240.04,241.87,239.0,224.15,214.91,196.35
2022-05-15,France (FR),185.43,174.15,170.17,170.25,162.92,158.57,154.98,110.6,95.98,90.0,75.0,45.35,20.15,39.58,76.21,133.33,188.39,214.34,222.48,226.18,219.57,200.5,180.18,169.06
2022-05-16,France (FR),169.13,169.89,169.53,182.04,229.95,248.08,251.09,231.08,210.62,199.68,185.34,182.33,224.84,225.92,234.97,238.64,245.74,298.68,276.95,259.9,240.2,229.74,203.39,195.94
2022-05-17,France (FR),189.1,185.05,189.2,202.24,236.7,264.89,274.17,247.06,231.99,225.36,213.84,203.32,216.55,200.01,213.5,237.78,251.82,290.0,298.21,265.88,245.46,233.95,206.47,187.89
2022-05-18,France (FR),176.23,170.98,173.1,179.61,219.95,247.6,241.29,222.07,223.45,221.32,187.09,177.03,210.4,185.55,198.72,216.84,241.2,286.99,280.0,245.88,225.73,194.47,196.96,185.01
2022-05-19,France (FR),179.94,176.27,177.98,185.06,222.33,250.04,249.31,229.93,198.22,227.83,182.96,180.8,206.05,185.09,198.96,224.02,232.99,269.27,273.4,253.0,234.38,213.31,211.1,195.98
2022-05-20,France (FR),189.56,188.0,189.56,208.62,226.51,263.32,250.0,224.0,204.97,201.6,197.4,190.07,185.33,189.26,190.0,190.0,214.92,226.85,226.87,218.03,205.27,190.17,174.48,169.27
2022-05-21,France (FR),169.26,163.29,160.6,164.94,161.08,164.85,166.54,172.97,178.82,174.89,170.57,167.45,164.67,161.55,159.33,164.84,171.58,201.0,219.32,228.11,223.85,214.18,186.58,179.4
2022-05-22,France (FR),172.5,170.0,171.0,169.91,166.96,166.88,160.0,149.96,138.29,138.25,140.69,109.92,101.4,103.7,133.19,156.62,195.29,213.37,225.55,227.9,219.91,191.24,175.89,164.57
2022-05-23,France (FR),158.75,155.07,158.2,172.54,202.7,224.96,230.02,220.97,217.19,202.68,188.88,187.91,177.0,177.68,177.07,201.58,214.03,214.94,210.07,190.0,182.06,180.18,173.0,165.76
2022-05-24,France (FR),154.45,144.88,137.04,155.95,188.91,210.29,212.0,193.0,180.18,169.47,201.33,188.25,175.4,160.94,162.47,169.72,198.38,212.98,219.99,220.3,211.91,189.64,190.73,180.06
2022-05-25,France (FR),170.51,167.92,169.9,178.14,211.11,230.0,237.03,235.44,197.38,201.1,182.9,182.81,191.08,162.31,164.75,168.25,166.32,185.0,208.46,214.0,204.61,187.4,164.3,171.5
2022-05-26,France (FR),160.01,131.07,145.32,149.28,141.53,147.3,189.88,163.44,162.48,163.06,163.79,155.0,154.99,152.5,154.38,161.07,162.08,194.85,199.8,180.09,207.16,209.55,175.01,150.2
2022-05-27,France (FR),146.49,106.85,146.04,147.54,160.05,155.72,195.94,185.28,166.1,168.92,164.23,163.29,159.33,150.0,147.54,146.54,147.54,168.5,186.01,178.99,203.29,189.0,169.11,151.53
2022-05-28,France (FR),158.68,148.5,151.0,153.75,150.67,155.12,155.04,152.67,144.56,145.01,148.5,144.0,141.7,138.46,110.8,126.62,143.5,161.65,161.3,164.37,176.86,174.52,179.13,159.96
2022-05-29,France (FR),154.3,146.81,140.04,141.32,135.75,138.37,140.15,140.08,140.0,145.06,141.0,133.49,123.78,121.59,120.0,150.0,179.56,201.38,214.94,224.97,225.0,214.96,203.9,194.72
2022-05-30,France (FR),192.65,184.5,182.92,195.74,230.68,257.95,260.27,232.92,230.0,229.77,215.0,207.5,201.28,202.29,210.9,225.7,241.36,291.14,295.0,266.46,243.68,227.5,200.91,183.0
2022-05-31,France (FR),179.62,177.02,180.01,195.99,228.68,247.77,243.14,225.9,210.12,206.11,193.09,184.07,190.14,182.08,182.38,200.0,234.97,249.8,254.67,247.51,240.01,227.98,220.0,207.45
2022-06-01,France (FR),199.09,182.53,182.28,198.95,230.0,249.68,246.36,228.82,211.8,206.6,202.37,199.66,194.82,180.04,181.6,199.71,229.92,251.98,257.71,262.6,250.0,230.33,191.0,175.04
2022-06-02,France (FR),169.33,161.96,165.05,171.7,209.65,223.1,218.13,193.25,180.18,179.94,179.93,174.91,169.43,171.85,176.23,181.06,217.65,230.65,238.97,228.94,222.22,213.56,177.61,163.13
2022-06-03,France (FR),157.41,159.62,161.7,169.94,209.83,225.11,238.02,230.0,220.0,217.8,192.52,180.19,172.5,172.44,176.0,196.77,207.53,211.19,221.83,229.96,240.0,237.91,175.81,167.97
2022-06-04,France (FR),166.92,157.05,155.5,156.01,159.8,169.86,180.0,178.5,165.96,168.68,182.33,168.03,170.0,158.2,155.6,160.9,177.4,197.71,209.24,198.98,199.06,196.7,172.05,174.7
2022-06-05,France (FR),171.31,141.79,164.07,128.7,127.27,133.65,136.28,142.65,141.36,143.62,166.0,162.22,126.71,121.95,132.03,150.02,163.03,168.8,169.44,166.36,169.22,214.32,167.98,154.19
2022-06-06,France (FR),142.08,89.33,85.05,88.08,90.06,122.52,84.05,147.01,149.53,145.09,175.09,150.09,175.75,171.25,169.0,168.05,169.55,200.0,214.97,214.04,217.42,189.7,177.33,158.69
2022-06-07,France (FR),150.61,145.72,146.88,155.45,175.7,216.93,220.12,210.99,196.95,196.65,195.96,185.0,173.8,164.99,164.07,173.1,200.0,218.04,227.46,228.81,220.26,210.97,185.05,168.95
2022-06-08,France (FR),165.1,162.96,164.92,175.0,197.42,213.93,215.01,205.29,191.0,191.1,181.26,177.51,191.62,194.53,191.72,187.48,198.25,211.5,212.36,211.98,211.0,198.89,189.01,170.63
2022-06-09,France (FR),165.0,162.72,159.16,161.63,196.6,215.41,215.71,205.77,207.24,203.8,183.18,174.0,161.93,158.5,155.9,170.09,180.21,195.72,200.97,210.24,209.09,192.07,196.58,176.7
2022-06-10,France (FR),169.4,168.92,163.84,179.14,207.91,213.76,212.84,200.0,185.85,192.0,196.48,190.92,182.03,171.8,171.8,196.33,205.0,217.97,220.46,216.9,215.48,205.07,207.5,202.43
2022-06-11,France (FR),195.3,167.03,167.45,168.03,161.37,191.77,184.83,172.25,177.55,180.0,168.48,165.16,164.22,159.0,166.0,180.8,173.47,196.39,210.05,211.06,207.92,199.0,195.0,184.24
2022-06-12,France (FR),175.01,167.0,167.0,169.82,167.87,138.53,134.71,80.83,74.37,101.83,145.44,119.67,95.8,60.63,65.34,146.5,161.0,185.31,205.98,210.98,210.0,204.2,186.84,177.47
2022-06-13,France (FR),158.45,149.92,146.92,169.27,200.03,210.98,219.0,209.41,204.75,203.7,203.76,204.02,206.47,206.47,206.67,200.23,231.05,250.0,238.15,238.4,236.12,223.13,202.45,168.86
2022-06-14,France (FR),179.29,161.43,172.16,171.73,215.22,227.88,229.51,222.47,216.97,207.88,201.45,201.32,209.09,201.45,204.23,213.34,230.97,266.26,272.84,243.67,234.9,219.25,197.96,183.5
2022-06-15,France (FR),177.67,173.02,173.18,182.23,219.12,246.95,255.17,262.68,245.62,250.0,228.82,229.74,242.78,235.35,236.75,233.79,264.66,304.56,307.48,258.25,249.55,239.3,256.07,244.72
2022-06-16,France (FR),225.22,219.02,206.46,213.74,247.0,259.78,306.49,300.0,260.39,268.47,258.7,258.38,262.82,291.84,280.0,311.0,325.0,345.0,330.0,311.38,285.0,282.0,302.42,283.96
2022-06-17,France (FR),262.84,211.64,206.86,239.91,292.34,323.31,325.7,299.07,307.85,316.72,321.71,309.91,311.94,297.51,285.75,303.07,339.73,368.06,360.0,323.96,360.0,330.73,330.0,312.78
2022-06-18,France (FR),304.94,269.47,269.46,270.85,269.24,285.81,279.25,269.55,277.51,269.99,268.44,244.0,228.64,237.65,264.84,286.99,264.61,328.01,330.47,319.21,285.08,256.91,207.07,190.0
2022-06-19,France (FR),165.52,139.8,120.6,112.7,112.7,119.31,107.18,95.5,94.15,112.47,133.73,104.31,105.92,109.49,107.45,160.37,240.42,265.87,283.41,294.29,306.93,281.1,240.22,220.39
2022-06-20,France (FR),218.9,220.1,213.2,263.27,301.67,366.31,429.19,331.24,329.91,338.73,325.0,308.5,341.19,319.71,317.1,305.15,314.44,333.99,324.61,319.27,311.19,301.6,279.3,264.7
2022-06-21,France (FR),239.49,228.1,223.11,233.35,297.61,338.9,368.04,388.0,390.0,373.21,398.62,396.0,418.75,418.63,409.92,412.76,400.0,450.0,457.82,410.0,373.0,327.34,300.0,290.01
2022-06-22,France (FR),275.6,251.38,255.02,283.44,330.53,426.78,467.5,447.92,437.42,454.97,406.78,403.52,440.08,421.15,410.64,405.81,412.02,450.1,441.5,399.3,390.0,394.0,297.07,288.7
2022-06-23,France (FR),278.47,245.82,255.08,279.68,336.1,371.13,380.57,382.91,363.95,374.97,363.96,375.32,376.08,357.87,351.91,375.67,383.55,430.0,413.99,373.22,405.52,400.0,315.5,300.42
2022-06-24,France (FR),271.2,241.81,250.95,257.41,303.21,335.39,346.32,345.08,338.9,323.46,321.83,311.65,292.08,250.73,251.33,296.41,322.0,329.94,335.2,330.92,320.0,270.6,262.27,237.4
2022-06-25,France (FR),214.91,217.08,203.88,209.06,226.73,261.09,269.03,241.81,251.74,236.01,239.56,241.09,257.07,255.35,254.71,269.07,271.57,314.1,327.17,322.68,324.02,294.94,288.91,261.33
2022-06-26,France (FR),232.25,209.85,199.2,182.63,176.47,189.92,204.17,242.2,235.64,242.89,266.5,233.68,223.57,197.33,197.22,247.43,296.14,325.03,334.48,337.63,336.82,316.27,296.25,268.15
2022-06-27,France (FR),272.27,260.27,258.92,270.16,330.89,357.94,371.07,348.38,332.54,333.99,343.73,344.57,355.0,347.51,337.4,337.64,363.02,398.59,391.18,375.64,372.17,354.81,317.05,301.3
2022-06-28,France (FR),298.46,261.0,269.93,282.41,348.95,379.91,388.74,371.2,355.4,375.02,416.06,420.9,408.7,363.32,361.68,367.03,410.89,470.9,453.14,410.92,396.38,364.38,322.23,302.5
2022-06-29,France (FR),285.34,278.82,278.54,280.52,315.73,350.85,367.11,358.76,349.06,355.2,331.96,322.3,325.0,332.98,333.43,352.91,369.95,390.9,390.0,366.9,353.74,331.04,325.0,311.32
2022-06-30,France (FR),298.03,283.14,271.79,285.28,339.77,369.89,379.63,365.73,356.3,358.64,358.19,405.0,415.38,375.1,366.35,372.44,409.41,479.0,450.0,394.21,367.95,351.96,354.99,311.96
2022-07-01,France (FR),306.24,266.32,265.65,282.13,355.19,378.85,385.19,378.0,399.31,379.68,363.78,352.78,353.28,313.79,291.77,298.76,322.06,348.08,361.26,401.65,385.0,380.0,285.72,255.0
2022-07-02,France (FR),237.2,230.71,222.31,214.2,233.84,244.56,232.39,264.64,274.0,240.38,273.27,235.29,253.15,213.71,210.59,240.43,285.03,350.0,362.85,359.96,353.44,302.17,270.08,244.9
2022-07-03,France (FR),199.08,195.6,185.6,182.71,176.71,192.31,185.07,170.26,128.2,146.77,205.66,127.25,122.94,142.23,123.8,212.21,272.77,327.0,340.1,348.43,348.45,333.06,319.65,277.83
2022-07-04,France (FR),265.04,254.35,258.08,302.44,361.88,376.0,385.17,366.0,370.52,388.11,401.9,406.58,431.8,461.74,391.31,434.0,406.88,413.76,406.71,389.4,398.1,399.7,359.96,319.62
2022-07-05,France (FR),309.73,301.7,300.16,324.82,380.47,412.59,429.91,450.0,433.02,394.52,388.85,385.06,386.2,381.71,364.89,337.67,362.65,390.62,389.6,370.84,381.78,362.08,351.39,314.2
2022-07-06,France (FR),309.33,280.29,299.42,322.79,389.83,413.89,421.5,409.52,394.26,431.72,423.08,422.58,435.41,438.85,386.9,391.18,404.02,414.41,419.09,393.81,433.59,427.42,430.16,378.09
2022-07-07,France (FR),371.59,302.81,293.93,303.08,350.8,396.45,424.03,414.81,396.87,396.74,391.54,390.0,394.89,376.12,330.38,358.43,418.94,413.65,403.61,406.18,414.0,405.91,408.79,363.55
2022-07-08,France (FR),363.75,321.44,298.82,341.75,412.36,480.0,458.52,464.81,431.44,430.06,417.64,416.76,435.42,393.22,379.93,365.9,440.96,458.39,461.38,441.77,446.86,429.19,350.0,300.55
2022-07-09,France (FR),375.76,361.51,340.5,353.05,254.13,306.96,259.17,381.69,347.96,316.8,352.9,312.1,300.0,302.88,311.62,355.98,282.38,373.7,358.86,322.1,392.71,376.85,299.89,251.07
2022-07-10,France (FR),254.1,176.5,176.47,162.06,172.95,185.49,154.73,151.82,159.17,166.61,176.67,148.92,130.96,136.99,151.58,192.8,305.65,322.13,369.9,378.07,390.45,371.26,320.08,277.98
2022-07-11,France (FR),275.74,269.06,271.92,298.0,395.95,415.08,433.97,416.32,404.95,396.9,401.04,375.05,393.23,402.02,373.58,417.69,430.69,458.03,469.9,452.12,450.05,419.15,395.49,349.57
2022-07-12,France (FR),330.04,331.5,334.34,362.1,419.64,453.66,448.9,456.54,456.54,434.48,456.54,463.0,430.87,429.2,459.3,423.57,485.5,513.59,509.0,480.0,500.0,454.85,416.05,365.61
2022-07-13,France (FR),351.15,355.79,325.04,332.22,411.97,435.0,466.67,495.0,490.0,495.0,445.38,447.7,495.0,476.92,489.0,485.72,529.0,508.39,486.55,480.06,481.78,461.92,425.91,378.06
2022-07-14,France (FR),345.47,334.1,335.01,371.63,421.32,433.31,434.07,419.94,379.9,389.71,422.4,385.88,332.6,288.67,297.56,356.42,403.64,425.14,438.43,436.13,426.03,400.04,350.0,320.07
2022-07-15,France (FR),308.18,305.01,307.55,330.0,404.9,429.92,418.8,425.05,433.21,433.21,428.48,428.48,444.45,433.55,379.05,391.55,410.0,425.05,433.17,434.03,432.89,433.21,384.91,349.96
2022-07-16,France (FR),336.48,353.67,331.32,312.28,332.98,333.37,300.78,312.78,282.74,314.5,336.82,277.8,274.39,261.1,270.11,215.9,349.84,378.91,341.56,345.59,357.55,331.77,290.06,240.8
2022-07-17,France (FR),198.77,190.63,191.51,195.28,201.72,191.9,189.51,179.62,147.72,145.08,150.3,115.69,109.89,100.71,132.35,219.89,344.42,444.99,456.91,434.95,464.99,419.45,389.77,328.49
2022-07-18,France (FR),299.23,282.44,286.03,306.53,392.99,424.94,481.09,449.71,506.3,544.6,560.1,550.0,570.0,625.42,541.7,550.0,606.13,686.53,681.99,600.0,530.13,469.86,402.46,368.99
2022-07-19,France (FR),341.09,325.24,318.72,350.98,440.0,488.94,543.57,544.02,552.67,600.03,570.0,570.0,615.51,600.0,554.89,602.41,650.0,650.0,650.0,578.1,576.29,617.18,409.99,385.67
2022-07-20,France (FR),383.39,370.13,314.99,376.18,434.99,550.0,809.11,820.87,730.02,710.0,708.91,704.6,704.6,662.92,644.39,614.15,631.14,651.0,650.0,634.34,620.0,620.0,484.89,406.69
2022-07-21,France (FR),385.07,345.07,350.66,367.74,448.76,546.94,598.04,689.0,590.6,510.21,590.24,518.39,583.97,693.86,693.34,619.87,617.43,651.0,650.0,630.74,650.0,706.1,429.99,371.12
2022-07-22,France (FR),356.16,337.33,331.01,356.16,415.31,484.04,504.81,506.37,409.82,398.39,448.67,652.0,720.52,653.23,552.06,554.8,504.28,602.2,587.5,636.51,550.0,494.5,392.9,344.67
2022-07-23,France (FR),351.99,337.01,332.04,331.27,337.03,333.12,343.78,352.52,347.64,333.9,373.18,304.37,245.14,244.3,274.16,317.38,357.21,381.26,435.43,415.58,432.19,441.61,393.26,379.24
2022-07-24,France (FR),355.06,331.0,316.18,302.82,272.76,260.93,225.08,269.07,275.51,245.99,330.08,295.88,245.96,258.67,271.96,282.96,372.94,432.82,508.13,484.18,490.96,417.71,346.4,276.76
2022-07-25,France (FR),287.83,266.03,261.71,286.29,375.08,410.14,414.29,390.07,399.68,412.58,377.55,414.52,382.81,351.11,366.01,375.47,424.38,432.3,430.74,424.62,430.77,415.94,401.9,371.02
2022-07-26,France (FR),368.6,364.07,345.27,371.02,430.01,555.0,650.0,650.0,604.06,650.0,650.0,482.64,651.0,650.0,512.29,511.63,650.0,651.0,614.73,546.18,527.29,566.36,442.42,411.02
2022-07-27,France (FR),403.87,381.12,378.13,405.61,460.0,503.41,633.7,613.53,600.03,643.02,528.52,500.0,538.54,520.07,498.47,534.43,650.0,670.15,650.0,645.0,599.28,500.47,437.79,400.91
2022-07-28,France (FR),399.97,399.08,399.97,400.04,501.17,555.0,587.17,611.13,532.73,518.53,575.21,585.12,554.57,551.98,522.71,559.8,650.0,650.0,650.0,625.49,592.51,571.51,486.07,431.78
2022-07-29,France (FR),400.51,388.51,374.83,416.46,463.16,516.92,533.53,545.3,530.23,565.44,567.92,529.73,553.26,490.13,524.53,508.11,528.27,577.49,508.71,514.37,525.73,506.8,425.0,404.3
2022-07-30,France (FR),405.0,395.85,377.06,383.98,406.78,423.02,412.72,392.77,365.58,333.56,357.96,339.55,317.43,308.35,331.35,412.37,427.28,455.07,469.3,466.69,479.81,449.93,382.79,339.88
2022-07-31,France (FR),300.1,293.05,271.3,268.92,261.03,264.8,300.01,286.37,261.1,255.76,263.08,219.08,208.74,226.08,252.07,316.01,394.79,449.55,452.95,466.34,483.93,450.5,385.06,344.06
2022-08-01,France (FR),338.81,320.86,329.72,380.0,429.66,467.91,474.9,470.52,456.95,451.47,439.3,434.91,448.64,457.3,457.3,480.3,504.0,592.03,592.0,582.0,544.14,532.84,440.98,390.1
2022-08-02,France (FR),382.1,359.89,352.69,393.03,457.04,479.9,478.9,464.16,446.55,446.55,441.99,427.67,457.46,449.62,436.25,482.52,575.4,650.0,650.0,615.97,558.53,481.96,487.65,434.94
2022-08-03,France (FR),427.98,326.3,329.96,390.77,455.07,495.16,559.58,502.1,486.34,497.13,499.08,502.9,504.63,500.51,543.17,581.8,650.0,650.0,650.0,640.0,570.03,518.44,450.3,414.26
2022-08-04,France (FR),375.07,348.49,345.3,375.07,452.27,480.1,501.76,516.94,499.5,502.52,519.58,524.34,524.34,519.48,456.03,522.7,552.83,536.73,508.63,533.68,546.85,570.0,409.31,358.18
2022-08-05,France (FR),337.64,339.17,338.52,390.05,449.91,468.0,483.91,470.13,437.01,443.86,469.99,382.66,470.11,402.42,328.95,393.23,385.0,430.2,429.67,437.43,429.91,386.55,361.76,315.05
2022-08-06,France (FR),308.59,276.45,267.76,275.5,290.83,315.03,309.56,274.03,256.57,221.58,222.78,165.98,153.25,155.08,195.17,246.43,319.79,373.64,397.44,381.35,369.08,324.98,277.89,232.85
2022-08-07,France (FR),218.28,206.4,200.47,205.23,205.0,206.29,162.27,142.7,100.0,87.69,86.82,79.01,76.57,86.4,102.8,199.42,301.67,393.3,421.99,419.92,401.86,359.42,310.08,271.57
2022-08-08,France (FR),272.22,278.32,272.8,310.38,363.41,410.0,414.68,384.55,339.44,318.11,311.55,304.09,308.07,310.3,329.86,406.02,439.82,495.9,493.77,455.0,429.15,391.2,330.76,298.92
2022-08-09,France (FR),298.95,289.2,295.75,320.01,382.92,414.98,426.22,383.99,310.09,282.84,296.27,277.1,284.29,273.31,290.39,351.7,419.39,469.8,469.72,428.67,406.45,343.31,297.01,286.98
2022-08-10,France (FR),298.71,285.6,283.33,294.79,316.93,378.0,395.51,356.26,302.9,294.64,284.62,279.44,273.81,285.01,303.1,353.0,409.93,449.0,454.73,420.0,406.84,355.01,309.92,300.03
2022-08-11,France (FR),310.0,306.3,312.0,347.06,399.15,419.97,414.9,397.16,355.1,356.06,321.78,315.67,317.67,328.65,341.26,401.31,450.0,539.9,534.75,446.0,414.99,390.0,422.1,405.0
2022-08-12,France (FR),395.68,391.95,402.53,407.99,469.14,513.31,508.0,472.56,419.9,426.98,428.02,380.57,379.99,387.64,400.85,449.07,489.99,560.0,565.4,507.78,469.47,424.02,427.23,400.71
2022-08-13,France (FR),387.87,374.09,375.79,382.76,379.9,388.74,399.9,374.5,338.2,328.56,343.2,349.38,339.72,334.16,347.7,412.3,466.2,503.26,504.7,479.94,461.91,425.89,416.3,397.2
2022-08-14,France (FR),377.9,354.0,350.06,351.01,352.77,350.05,355.17,339.94,309.0,319.0,325.15,292.99,276.93,262.1,318.46,352.07,415.9,454.91,459.96,462.6,455.42,431.57,375.03,361.09
2022-08-15,France (FR),360.64,350.0,352.99,363.58,361.43,412.98,456.41,452.8,431.41,407.06,402.31,392.13,392.77,380.09,400.05,448.84,495.0,520.01,555.72,536.69,507.0,475.42,465.26,430.65
2022-08-16,France (FR),430.94,386.38,396.67,440.99,490.0,512.31,514.9,497.3,472.02,465.26,462.28,470.31,475.97,477.29,455.49,506.91,600.05,664.89,662.05,648.38,580.0,513.28,523.94,483.88
2022-08-17,France (FR),472.13,449.22,438.95,469.89,528.22,596.01,616.33,575.1,549.97,526.89,535.38,524.2,522.14,520.16,541.6,593.3,676.04,747.93,681.0,629.09,552.03,514.99,523.92,479.9
2022-08-18,France (FR),480.0,461.66,458.45,472.08,550.0,598.9,614.5,613.59,587.69,572.64,583.08,539.78,535.0,535.36,538.22,561.07,604.25,650.0,645.37,600.06,556.54,524.93,510.09,467.63
2022-08-19,France (FR),450.1,429.24,439.39,469.62,521.93,571.14,581.2,550.31,528.04,517.42,501.72,490.84,474.3,455.51,490.86,517.42,545.56,568.99,569.4,550.0,530.58,504.93,512.09,500.05
2022-08-20,France (FR),480.09,460.04,452.61,452.15,471.69,475.03,484.93,480.02,464.5,443.19,451.75,389.09,371.08,345.47,387.34,402.56,475.06,529.91,541.88,539.97,506.78,500.15,430.27,381.0
2022-08-21,France (FR),374.94,344.27,323.0,324.07,365.99,348.35,332.0,317.26,254.52,301.71,344.37,255.22,245.0,255.22,325.66,455.0,530.0,592.0,644.92,619.5,613.4,579.09,504.25,477.42
2022-08-22,France (FR),467.5,447.59,450.02,497.08,561.53,599.9,610.0,595.59,583.46,567.5,627.81,564.33,567.62,577.2,586.67,613.55,640.0,722.79,679.97,636.52,588.86,545.0,550.0,504.73
2022-08-23,France (FR),507.0,500.57,503.32,531.02,627.95,668.21,680.0,640.1,614.01,593.34,577.87,568.42,558.17,574.77,604.43,648.15,713.65,794.95,771.0,708.83,644.0,599.99,581.8,550.0
2022-08-24,France (FR),550.19,535.98,539.01,574.18,648.0,683.25,694.26,649.92,679.59,661.62,612.12,611.58,621.25,616.22,631.09,672.33,750.0,850.0,783.56,724.78,659.37,612.79,553.56,522.92
2022-08-25,France (FR),520.07,513.06,518.6,530.07,606.14,667.71,689.59,641.77,610.55,618.09,653.15,611.58,664.03,630.59,645.35,686.8,714.23,766.79,760.0,710.0,673.4,626.73,607.15,580.07
2022-08-26,France (FR),572.53,571.04,569.21,598.99,750.0,769.23,802.99,781.62,763.2,750.03,721.56,714.81,701.18,686.87,714.2,750.07,770.0,780.65,778.61,770.0,747.74,700.0,685.14,644.2
2022-08-27,France (FR),636.8,587.9,563.47,573.1,580.9,636.0,682.59,685.95,660.75,643.46,630.04,592.0,548.66,530.19,531.09,588.34,694.66,722.04,713.32,668.78,659.94,583.57,585.03,491.4
2022-08-28,France (FR),467.7,430.0,425.97,409.92,427.29,441.91,467.45,437.62,404.07,440.64,478.02,375.7,405.3,419.14,431.93,372.2,585.9,685.65,702.95,648.2,606.7,590.03,590.85,544.14
2022-08-29,France (FR),523.3,521.6,516.62,585.98,707.08,769.92,796.82,847.68,722.55,785.47,800.0,765.4,810.7,809.3,792.96,817.61,851.81,871.0,860.89,800.0,762.49,753.09,617.49,595.07
2022-08-30,France (FR),585.01,584.96,571.94,612.55,758.51,778.06,791.31,766.0,753.98,757.54,776.33,737.0,770.02,790.27,805.11,786.68,807.2,859.45,870.0,1021.73,755.0,701.03,576.02,547.24
2022-08-31,France (FR),547.24,543.76,541.83,547.97,649.99,707.89,720.14,684.55,645.6,699.06,669.38,696.5,713.2,659.61,645.9,674.9,693.08,743.53,759.99,706.07,667.21,601.9,571.39,532.14
2022-09-01,France (FR),535.86,514.95,494.61,532.8,646.44,690.38,719.2,654.68,624.42,615.16,680.0,633.62,647.98,635.07,618.23,680.71,759.75,800.0,775.75,675.38,614.3,602.27,456.05,418.74
2022-09-02,France (FR),395.35,362.68,391.73,445.42,532.06,566.1,582.77,562.0,529.52,544.57,558.84,532.06,541.68,449.98,474.87,521.69,563.43,640.26,627.36,613.44,557.83,532.06,579.54,435.01
2022-09-03,France (FR),395.42,250.15,266.48,291.67,275.0,370.08,403.11,470.51,462.65,450.19,451.77,415.07,398.84,380.93,310.37,411.43,453.63,530.0,575.66,476.65,476.65,468.17,430.39,296.57
2022-09-04,France (FR),286.73,209.34,223.93,330.44,211.07,226.39,209.95,253.86,170.97,233.74,369.32,290.09,320.99,346.87,236.37,375.0,455.47,509.93,509.93,445.0,409.67,393.61,271.98,220.0
2022-09-05,France (FR),213.08,222.83,239.33,367.52,459.9,506.5,519.93,482.64,467.91,475.88,457.98,449.16,455.57,424.25,466.03,516.48,571.1,622.75,575.66,520.2,493.7,459.28,522.18,479.5
2022-09-06,France (FR),461.15,450.5,348.95,415.18,551.4,566.28,571.14,566.28,539.95,546.75,531.86,526.5,476.12,501.95,505.09,537.74,575.8,640.72,597.03,581.87,546.19,535.57,415.26,385.97
2022-09-07,France (FR),372.85,367.19,389.85,396.74,484.68,519.9,524.77,500.72,450.65,447.03,450.22,439.32,446.76,422.7,450.76,522.14,570.53,626.03,599.98,546.27,486.22,438.55,441.37,407.43
2022-09-08,France (FR),400.07,381.39,379.05,404.13,500.55,520.0,524.06,509.8,483.12,460.75,440.07,404.62,403.22,400.1,411.29,450.68,504.91,558.16,535.93,497.0,429.88,433.49,300.01,238.2
2022-09-09,France (FR),208.0,195.43,226.87,278.7,375.58,433.85,436.1,403.03,353.27,330.59,343.32,297.85,298.8,297.56,369.07,392.28,435.31,467.95,465.0,419.95,398.29,375.44,400.85,359.09
2022-09-10,France (FR),352.09,348.07,348.09,356.04,381.3,411.07,427.72,429.18,419.9,418.36,399.98,355.0,348.99,353.39,371.98,436.24,469.52,491.86,483.98,459.95,443.97,437.01,421.45,385.07
2022-09-11,France (FR),385.06,369.22,358.54,369.02,379.02,385.01,402.13,402.13,388.5,380.04,360.0,295.0,251.8,297.0,343.1,404.32,459.99,505.94,517.2,484.94,437.99,400.0,347.09,353.96
2022-09-12,France (FR),353.49,349.9,353.39,389.05,458.88,501.88,487.58,455.93,405.02,411.57,383.34,377.37,370.08,394.55,403.27,471.71,515.0,540.64,516.14,444.39,369.69,351.25,345.06,314.47
2022-09-13,France (FR),320.49,313.38,325.64,342.07,429.24,481.13,501.54,471.42,447.31,429.93,508.33,441.98,444.23,454.39,493.07,570.32,526.5,613.0,569.81,459.13,437.97,420.71,345.08,352.87
2022-09-14,France (FR),343.78,335.64,351.31,370.2,449.07,505.0,554.44,554.38,505.76,505.51,481.73,454.24,501.68,500.04,469.31,505.0,536.61,625.28,539.8,460.34,421.59,404.37,391.63,338.77
2022-09-15,France (FR),317.25,301.87,318.52,366.51,450.0,479.4,500.1,478.43,489.72,493.55,483.59,467.95,465.05,465.05,477.55,481.59,457.8,495.66,475.05,461.17,439.9,381.21,434.05,448.3
2022-09-16,France (FR),417.76,361.03,360.41,271.1,362.72,478.98,528.89,525.89,483.72,475.01,465.95,407.94,391.96,306.05,229.47,362.42,386.62,404.94,405.01,378.99,302.09,386.61,235.17,236.33
2022-09-17,France (FR),224.99,192.05,163.02,162.05,202.35,292.07,238.04,288.62,170.81,208.68,259.51,288.17,157.89,155.84,122.72,237.07,224.47,315.69,342.94,259.41,228.06,214.66,269.93,239.07
2022-09-18,France (FR),253.81,199.85,138.53,187.91,197.14,157.46,187.51,241.81,226.8,162.56,141.28,85.7,84.92,61.01,84.58,158.58,241.2,295.25,345.1,289.55,295.27,253.97,180.97,157.0
2022-09-19,France (FR),222.96,196.9,160.02,212.1,348.6,402.0,415.38,367.92,328.36,355.16,336.74,326.5,331.59,329.16,270.3,350.0,407.43,442.05,420.05,375.0,342.68,296.69,261.77,260.1
2022-09-20,France (FR),281.59,262.47,260.1,278.3,375.0,433.0,464.9,457.98,387.2,372.88,346.63,346.56,346.56,346.56,371.83,414.99,469.05,580.61,567.73,429.9,388.2,360.0,310.3,299.58
2022-09-21,France (FR),299.54,299.58,297.28,332.18,403.24,534.75,515.85,424.84,375.88,358.99,356.99,319.86,300.14,318.15,350.11,389.45,470.0,574.51,490.53,403.66,370.0,349.39,373.07,339.41
2022-09-22,France (FR),330.08,310.94,322.2,360.0,435.1,536.03,511.74,448.37,392.44,410.0,355.17,357.66,368.35,354.32,379.84,437.74,489.09,600.0,510.0,418.38,396.34,378.69,352.56,332.87
2022-09-23,France (FR),312.58,300.48,303.12,324.57,410.66,462.75,473.61,467.5,406.83,401.99,400.07,397.28,397.28,406.12,411.23,422.09,460.13,485.37,450.76,406.61,396.02,397.19,377.94,344.12
2022-09-24,France (FR),312.03,307.23,306.29,317.26,347.99,373.81,371.99,375.5,369.93,363.49,347.96,298.29,299.0,317.11,357.0,374.54,410.63,440.78,413.39,372.96,362.73,314.97,268.66,230.0
2022-09-25,France (FR),215.24,215.16,194.4,197.6,228.14,239.9,278.74,291.6,261.38,258.68,250.16,226.11,205.13,209.59,250.39,328.13,380.09,412.26,394.11,369.97,348.17,294.43,248.77,179.85
2022-09-26,France (FR),161.92,131.81,126.43,173.2,327.95,393.43,398.3,336.54,315.64,301.7,268.96,192.76,227.07,207.67,218.23,315.21,390.82,422.6,396.58,329.7,325.89,263.91,190.95,180.24
2022-09-27,France (FR),169.8,151.3,167.35,222.81,379.28,430.24,503.47,680.0,558.0,520.0,386.47,349.57,300.55,297.93,316.88,365.66,389.26,432.27,408.23,351.43,333.69,319.71,306.42,275.78
2022-09-28,France (FR),245.94,242.98,273.77,307.13,383.17,472.63,500.38,453.1,434.76,406.74,383.62,369.95,369.95,366.91,384.98,435.59,510.0,640.42,510.0,419.99,372.61,361.8,351.45,336.51
2022-09-29,France (FR),326.14,315.19,320.0,345.53,440.07,569.93,585.0,674.4,584.6,558.86,535.36,503.77,509.0,484.0,426.8,445.01,523.19,605.0,520.0,424.99,397.03,374.46,349.44,336.1
2022-09-30,France (FR),325.03,322.42,324.8,348.44,429.99,524.0,559.91,551.71,421.25,411.7,415.44,286.02,263.46,267.38,244.96,298.85,357.41,382.39,328.49,221.09,201.33,155.72,167.0,103.8
2022-10-01,France (FR),90.56,77.64,50.25,71.99,90.56,98.37,128.3,135.99,127.71,121.58,100.15,85.11,72.72,74.87,81.57,137.8,195.05,226.62,218.65,188.89,170.25,147.71,185.04,135.25
2022-10-02,France (FR),159.94,99.18,125.31,150.2,177.7,248.66,154.07,152.54,124.83,138.98,138.67,99.05,88.0,96.08,160.04,206.23,288.16,425.18,415.88,339.19,327.16,275.14,209.93,187.0
2022-10-03,France (FR),230.0,190.28,194.29,197.7,360.29,311.22,397.36,360.02,276.15,287.01,306.02,210.06,288.37,177.89,218.95,329.76,391.11,473.04,379.85,321.3,318.42,288.98,239.08,200.97
2022-10-04,France (FR),218.6,169.1,187.69,196.92,329.97,427.5,497.39,441.8,343.2,289.98,270.19,161.38,223.09,228.11,216.89,355.44,381.05,600.0,374.67,277.21,233.13,254.95,217.75,273.96
2022-10-05,France (FR),201.17,145.5,128.5,150.12,201.46,246.27,267.84,274.23,179.2,205.66,210.16,192.9,215.97,197.5,170.23,220.09,232.42,336.11,283.96,252.08,248.84,271.95,203.6,193.35
2022-10-06,France (FR),187.12,174.26,183.5,201.0,253.83,340.0,400.0,380.0,261.78,226.03,252.93,201.0,201.91,207.24,223.9,269.48,351.0,424.3,349.99,232.3,220.76,203.6,228.22,226.0
2022-10-07,France (FR),182.01,197.11,151.0,214.91,274.28,379.41,386.61,350.17,281.43,270.22,255.89,241.07,253.86,262.4,266.83,295.35,297.21,436.59,303.03,274.28,267.99,230.58,187.85,158.03
2022-10-08,France (FR),143.08,144.68,147.49,148.08,209.38,188.8,181.45,268.38,232.98,266.03,273.84,240.66,203.38,143.42,165.23,178.19,254.01,339.69,296.08,255.05,278.05,261.11,216.13,195.02
2022-10-09,France (FR),190.83,162.1,141.95,147.12,153.0,195.68,196.7,150.85,116.0,89.63,138.78,78.94,75.48,84.02,135.39,196.83,277.9,285.14,230.51,214.83,190.0,180.14,194.71,176.97
2022-10-10,France (FR),148.3,133.97,102.84,141.4,198.7,227.26,267.35,290.12,247.14,235.81,286.5,231.08,156.77,166.99,169.1,215.91,255.22,298.03,270.0,220.0,200.05,159.34,182.04,174.3
2022-10-11,France (FR),174.3,171.54,170.8,174.21,262.6,320.95,351.03,302.44,272.41,259.01,247.63,225.03,217.66,235.84,260.64,323.9,443.96,485.57,402.94,295.02,262.03,258.54,236.57,222.21
2022-10-12,France (FR),208.41,198.99,219.9,238.34,302.77,472.08,483.88,348.15,283.71,269.03,244.37,236.0,226.63,225.84,241.62,295.09,378.4,479.97,341.0,273.02,244.37,228.57,218.66,210.0
2022-10-13,France (FR),193.8,182.96,195.02,218.46,259.97,302.44,335.08,301.56,297.91,277.7,262.7,254.99,255.0,263.58,269.54,293.89,319.96,346.8,290.1,252.68,227.17,207.68,231.32,219.6
2022-10-14,France (FR),212.12,211.62,218.92,229.49,272.25,350.0,412.65,327.39,297.26,282.41,262.01,238.37,221.42,242.69,258.6,274.0,290.0,301.12,266.99,217.94,220.03,193.0,191.76,174.0
2022-10-15,France (FR),163.8,144.74,139.9,133.36,147.49,161.17,187.02,199.33,185.09,160.0,144.91,136.57,118.54,120.0,136.07,172.0,193.08,205.89,167.76,154.99,145.21,137.35,129.08,114.63
2022-10-16,France (FR),112.57,69.86,80.0,79.72,89.53,86.09,107.95,125.0,114.73,127.83,138.77,128.77,126.32,100.56,86.78,167.3,198.73,225.84,178.02,144.96,140.04,134.55,128.31,114.41
2022-10-17,France (FR),105.65,89.64,89.64,113.25,139.42,177.89,202.21,193.66,205.83,195.08,190.12,174.99,181.4,168.32,172.55,224.42,267.87,281.15,231.96,192.4,196.06,147.0,141.64,135.71
2022-10-18,France (FR),140.35,139.95,147.25,148.58,211.07,268.67,286.82,259.04,203.5,183.32,167.21,162.0,177.76,180.32,203.65,220.62,249.77,259.95,210.84,170.49,162.21,156.12,130.99,125.18
2022-10-19,France (FR),121.42,123.73,128.28,142.03,159.77,228.27,232.85,195.11,166.41,157.32,149.45,130.22,142.4,131.5,153.05,190.38,220.1,212.62,161.83,141.73,140.66,130.85,107.61,88.27
2022-10-20,France (FR),77.39,69.94,66.74,97.0,132.8,168.05,195.95,167.65,168.2,167.43,160.42,143.82,141.05,163.15,155.06,180.07,188.25,197.01,172.53,146.6,137.1,129.36,131.99,118.62
2022-10-21,France (FR),113.36,111.01,84.92,84.98,151.94,187.81,203.6,200.59,182.1,177.86,162.82,166.35,166.28,156.03,153.32,197.18,206.63,203.05,172.76,161.58,156.87,143.4,143.43,125.47
2022-10-22,France (FR),113.94,115.0,106.0,103.22,120.0,118.81,127.28,145.3,139.63,129.38,125.88,117.74,110.2,109.26,99.25,126.09,179.13,183.41,164.64,143.0,137.01,132.42,110.66,99.15
2022-10-23,France (FR),93.54,90.0,72.41,70.85,64.29,104.29,72.52,103.63,96.0,93.23,83.47,76.17,78.31,72.93,86.44,59.3,88.0,121.99,106.81,91.82,84.71,76.35,56.21,53.27
2022-10-24,France (FR),41.98,29.85,41.83,54.59,68.29,103.69,122.1,108.91,114.32,112.39,78.38,67.82,68.19,86.83,96.5,109.98,136.46,150.16,116.95,95.74,96.31,89.45,77.48,58.19
2022-10-25,France (FR),62.45,61.15,74.52,78.6,88.9,118.65,141.11,130.37,110.16,108.18,101.55,88.65,88.88,102.0,115.6,153.02,182.09,189.17,153.32,127.7,117.45,112.33,94.63,88.8
2022-10-26,France (FR),85.9,80.4,81.55,88.6,94.26,135.89,145.02,135.0,128.87,112.8,105.16,94.26,94.9,93.83,99.39,119.13,173.32,170.02,138.02,111.97,99.1,90.1,96.63,97.52
2022-10-27,France (FR),97.92,91.72,90.0,95.0,110.0,135.0,172.32,143.38,128.92,118.81,104.67,100.65,106.68,120.06,139.73,154.23,169.54,152.92,138.3,130.58,124.36,101.1,90.31,89.64
2022-10-28,France (FR),88.02,88.02,88.6,90.1,111.33,127.59,134.76,123.79,119.6,114.94,106.13,101.03,100.5,93.66,105.25,124.35,133.31,135.31,123.31,115.04,105.82,94.38,93.85,92.77
2022-10-29,France (FR),90.41,87.98,87.0,86.57,89.33,101.96,115.04,109.0,95.48,87.0,84.0,80.9,83.6,88.17,90.55,105.78,131.31,133.41,120.08,109.9,103.8,97.49,103.2,100.55
2022-10-30,France (FR),100.25,100.15,98.41,98.5,98.98,100.55,110.27,114.0,104.38,97.81,100.03,100.0,100.0,109.43,124.61,140.2,156.0,170.38,165.0,147.52,139.08,127.0,109.26,136.77
2022-10-31,France (FR),119.09,116.32,114.6,115.07,124.17,145.96,166.56,168.0,153.3,143.35,141.95,141.96,145.96,155.0,169.15,166.78,180.0,183.26,168.22,147.3,136.78,120.85,101.3,95.34
2022-11-01,France (FR),78.12,71.83,55.24,56.04,56.95,79.47,84.03,93.7,95.92,89.74,82.0,85.91,80.88,81.1,85.0,96.39,121.73,133.79,134.54,103.51,90.87,99.58,118.33,84.45
2022-11-02,France (FR),94.73,95.3,67.16,63.8,102.09,116.47,139.55,152.29,129.0,115.3,106.3,105.33,103.54,107.74,107.28,125.72,166.29,180.0,177.65,131.38,119.13,113.1,107.0,120.0
2022-11-03,France (FR),104.11,98.7,91.96,74.33,92.52,97.56,110.81,130.0,120.46,109.41,112.1,125.5,129.07,133.3,139.44,139.22,144.11,173.52,155.33,137.41,132.2,128.49,113.72,151.15
2022-11-04,France (FR),147.25,146.15,135.3,122.13,135.27,174.79,206.05,215.15,209.9,204.96,197.35,194.79,189.01,191.94,205.17,207.98,239.99,240.55,217.74,195.58,187.0,179.8,172.85,150.59
2022-11-05,France (FR),158.94,138.99,130.65,130.65,135.0,147.4,142.2,142.82,144.35,137.12,128.4,125.56,115.12,126.88,138.03,151.24,166.93,170.0,163.29,149.99,148.49,129.0,114.72,138.34
2022-11-06,France (FR),130.36,110.94,96.09,85.7,96.09,96.11,102.04,98.87,92.61,90.93,94.24,92.1,95.16,96.4,97.38,103.99,134.08,155.61,144.59,116.62,106.5,123.2,86.6,142.95
2022-11-07,France (FR),103.8,103.2,102.65,100.89,105.09,131.34,154.31,159.93,146.2,103.8,102.65,100.32,97.68,98.87,151.61,115.0,165.3,167.64,163.45,149.54,125.53,103.61,102.0,96.03
2022-11-08,France (FR),88.01,85.76,79.76,72.25,88.01,96.1,132.61,138.16,120.81,113.87,99.5,96.58,98.0,100.75,125.97,131.28,145.0,159.69,158.9,147.78,119.17,129.22,112.26,107.35
2022-11-09,France (FR),101.75,100.41,97.27,97.27,100.0,124.06,153.89,165.58,152.83,135.17,130.71,126.82,123.64,145.6,155.67,159.25,195.87,205.29,190.0,160.39,148.51,131.27,124.96,119.28
2022-11-10,France (FR),114.52,109.91,106.61,105.63,118.37,159.49,190.18,208.09,206.04,167.65,185.92,115.8,113.75,143.82,161.33,197.19,213.53,206.89,199.39,190.38,167.9,139.92,134.14,139.05
2022-11-11,France (FR),135.29,126.06,109.23,104.0,108.74,117.0,139.39,152.99,127.47,113.3,125.56,124.93,114.22,134.74,164.36,151.34,197.22,208.22,180.11,158.85,136.09,132.41,122.79,138.86
2022-11-12,France (FR),134.21,130.01,126.8,129.44,129.68,158.0,172.29,165.05,165.94,139.26,130.89,134.48,137.45,145.28,108.69,119.01,220.0,238.0,199.71,177.44,162.18,155.88,158.69,168.8
2022-11-13,France (FR),152.21,143.0,127.0,134.07,135.29,135.29,150.75,155.96,133.35,123.66,138.7,135.0,127.2,139.47,143.42,152.39,192.56,198.31,170.23,158.26,150.8,155.57,136.87,157.96
2022-11-14,France (FR),140.93,127.66,124.52,115.99,144.92,176.84,241.31,251.6,246.1,234.91,230.08,203.07,196.21,207.32,213.23,214.74,256.25,255.08,239.19,225.02,168.45,158.98,154.37,144.85
2022-11-15,France (FR),136.36,136.0,118.79,119.2,138.26,165.83,213.32,229.26,215.53,203.26,202.4,193.46,207.61,224.13,224.08,218.61,224.43,219.36,231.63,186.85,174.27,154.75,141.24,113.41
2022-11-16,France (FR),103.26,114.5,96.1,86.48,106.34,160.4,220.53,258.65,228.89,210.25,202.52,201.74,194.22,209.54,229.44,244.85,261.15,240.81,217.86,172.62,134.13,110.28,86.02,99.57
2022-11-17,France (FR),75.77,77.04,37.06,47.95,69.98,143.59,135.7,161.77,189.32,188.06,173.59,161.55,156.91,178.74,179.2,184.58,254.37,264.7,285.1,215.29,156.36,181.27,203.01,214.21
2022-11-18,France (FR),171.81,142.46,121.08,128.06,155.79,209.47,285.0,288.26,262.79,252.9,249.92,241.36,235.51,259.52,277.67,287.73,303.27,310.23,325.54,281.4,261.0,239.99,239.1,195.0
2022-11-19,France (FR),209.91,195.08,168.0,144.06,150.02,149.93,211.32,205.7,215.07,242.73,205.05,188.6,192.8,213.34,227.11,243.39,281.98,287.29,260.7,240.0,232.0,218.94,205.01,204.12
2022-11-20,France (FR),193.1,189.66,181.46,170.66,175.88,180.08,194.19,200.03,215.03,212.03,217.99,210.05,198.85,205.15,224.6,241.95,267.37,273.0,266.44,244.9,215.1,212.03,172.21,141.21
2022-11-21,France (FR),143.87,153.83,148.58,159.57,168.48,268.52,295.72,324.05,302.72,287.52,288.87,274.4,276.12,291.69,303.2,300.83,321.15,315.41,285.08,253.01,220.0,199.93,156.01,122.28
2022-11-22,France (FR),115.77,99.97,82.3,88.42,105.74,163.01,233.87,250.29,237.99,242.2,244.8,246.08,252.39,258.96,260.06,255.9,284.96,294.9,286.61,254.04,243.66,219.44,194.12,175.04
2022-11-23,France (FR),162.9,135.02,124.45,127.95,167.65,209.29,258.46,268.55,231.19,201.97,186.16,184.48,174.47,186.74,190.97,212.0,226.84,226.94,227.69,173.16,158.69,148.55,125.34,143.14
2022-11-24,France (FR),121.29,116.1,112.02,115.3,155.38,214.89,294.56,316.63,294.94,295.02,289.9,271.52,269.56,269.54,300.97,301.04,323.4,300.6,286.12,261.56,229.94,217.1,190.96,187.67
2022-11-25,France (FR),175.19,163.07,151.82,157.88,183.53,238.42,302.5,325.06,308.02,281.42,272.58,264.1,273.55,290.12,310.42,327.36,349.9,337.95,324.42,277.23,266.32,269.92,226.03,212.77
2022-11-26,France (FR),210.7,222.8,200.0,197.99,211.94,214.94,228.07,264.96,279.86,257.83,253.42,249.99,237.75,257.61,264.02,288.2,315.92,306.1,270.08,232.22,213.37,200.0,173.69,144.88
2022-11-27,France (FR),135.0,122.01,99.4,99.4,105.64,129.06,138.66,144.22,159.13,173.27,195.3,193.24,191.7,198.01,201.16,200.33,221.89,250.53,232.61,202.56,197.19,199.78,214.43,248.98
2022-11-28,France (FR),165.43,203.85,172.16,164.78,198.17,267.36,335.89,365.15,367.7,370.0,365.91,360.1,367.2,383.91,397.91,393.24,415.58,415.7,428.45,375.0,312.0,294.98,282.9,271.7
2022-11-29,France (FR),267.9,255.38,226.38,235.32,271.44,295.71,396.22,444.92,445.32,445.91,435.6,418.05,424.26,446.38,450.7,460.04,501.1,486.86,463.82,400.0,334.9,297.66,282.27,297.41
2022-11-30,France (FR),285.08,276.11,260.55,267.63,290.0,330.9,434.43,478.1,478.6,474.71,482.52,449.99,450.47,464.24,458.76,478.4,503.55,495.2,465.14,422.61,344.0,316.78,309.36,292.01
2022-12-01,France (FR),290.79,283.65,273.3,270.74,283.31,341.33,440.5,459.89,457.65,441.57,437.93,427.31,437.37,451.52,457.71,456.93,484.07,469.79,457.89,427.77,379.49,340.3,321.0,334.26
2022-12-02,France (FR),324.08,310.5,298.53,300.72,317.62,366.02,434.72,450.15,460.7,437.44,431.9,420.14,395.15,429.61,440.67,419.13,406.23,409.26,403.8,410.6,347.96,353.45,334.0,311.24
2022-12-03,France (FR),277.92,287.47,253.54,238.67,251.81,272.1,315.39,325.44,349.95,331.0,330.07,322.77,316.06,315.91,315.91,331.0,358.73,355.4,331.0,310.48,289.9,299.0,297.1,302.08
2022-12-04,France (FR),293.86,287.55,257.0,235.98,230.51,237.0,289.0,289.0,300.0,306.64,318.31,318.48,306.33,306.21,308.24,325.06,370.1,400.0,392.4,375.0,313.23,308.32,302.3,293.51
2022-12-05,France (FR),295.01,295.8,268.6,290.0,290.9,329.72,392.96,439.6,426.18,414.71,433.5,404.91,392.96,413.46,429.91,430.67,444.98,455.21,452.19,393.73,333.11,324.56,310.62,319.86
2022-12-06,France (FR),318.59,310.89,300.95,287.38,309.23,366.52,465.15,541.27,520.62,489.47,497.15,463.06,448.75,458.3,482.44,490.74,479.4,490.79,486.29,448.54,349.66,348.61,369.0,350.38
2022-12-07,France (FR),352.98,373.14,328.64,288.03,338.88,461.16,472.37,532.0,498.57,453.96,439.18,417.98,397.74,413.88,436.74,454.07,545.05,544.37,567.8,453.98,395.4,399.0,394.55,357.39
2022-12-08,France (FR),331.11,322.35,304.66,296.35,304.8,372.84,478.03,472.72,482.1,475.59,463.53,445.2,445.06,453.83,456.99,462.92,498.21,508.91,504.34,462.52,386.54,376.13,354.55,362.64
2022-12-09,France (FR),334.86,318.48,314.69,309.28,321.19,377.71,463.66,548.86,521.72,520.67,524.42,481.1,470.0,476.44,507.56,557.98,507.91,524.07,561.9,502.07,419.2,448.37,381.55,336.74
2022-12-10,France (FR),338.87,331.36,309.1,293.35,304.99,309.36,336.37,350.0,396.61,419.33,412.38,398.1,375.9,377.07,393.5,420.59,449.92,442.7,451.1,379.66,348.25,354.68,354.92,310.47
2022-12-11,France (FR),304.83,298.7,284.08,279.9,277.66,286.55,303.65,305.55,322.05,334.17,344.14,348.45,324.74,328.21,336.51,361.6,413.94,435.64,415.95,387.12,335.35,336.9,316.8,318.45
2022-12-12,France (FR),305.83,308.93,297.12,303.49,319.38,392.24,505.0,658.6,753.0,510.16,497.62,494.79,510.52,514.37,535.78,558.04,603.29,620.33,549.6,491.82,408.9,369.62,344.87,313.13
2022-12-13,France (FR),308.26,295.35,284.66,287.42,316.07,368.9,499.7,571.76,553.29,550.1,552.55,501.52,506.03,552.71,570.25,590.0,665.01,628.82,541.99,499.74,413.0,371.78,381.0,346.85
2022-12-14,France (FR),321.0,324.94,289.36,292.79,312.14,368.82,494.97,539.99,569.72,565.18,568.01,511.08,501.34,514.95,528.53,545.0,590.0,557.0,520.57,487.9,396.67,351.72,336.28,305.83
2022-12-15,France (FR),295.7,289.35,271.39,274.14,292.14,346.39,460.59,490.03,489.66,474.55,467.94,433.51,426.68,455.05,469.93,485.03,500.0,499.91,485.53,439.9,367.72,365.76,314.0,296.3
2022-12-16,France (FR),287.69,280.0,269.83,277.87,290.0,337.6,454.07,543.49,561.08,543.23,537.39,481.35,456.87,461.5,465.14,478.55,505.0,489.99,467.78,408.77,339.57,317.04,305.4,290.24
2022-12-17,France (FR),272.07,267.74,253.32,245.47,240.0,244.54,266.59,291.49,299.81,302.13,291.44,270.07,259.15,268.99,283.5,305.13,335.42,335.42,330.0,291.09,261.69,280.0,273.86,260.6
2022-12-18,France (FR),264.0,260.5,258.3,219.0,196.56,183.41,229.23,222.94,255.8,226.51,255.0,280.39,224.43,229.5,239.86,238.2,254.92,252.0,215.4,294.05,163.08,190.7,118.06,123.57
2022-12-19,France (FR),108.64,94.83,77.24,77.47,109.11,177.01,240.03,250.33,250.46,248.85,247.05,248.7,245.8,249.43,251.72,252.15,253.43,260.14,254.67,218.73,193.68,166.33,207.23,108.19
2022-12-20,France (FR),92.41,92.45,76.35,81.94,100.96,154.66,203.4,225.55,237.6,228.4,233.0,224.21,218.11,233.42,235.24,234.02,278.59,310.14,289.24,275.77,229.49,233.11,226.9,186.78
2022-12-21,France (FR),178.85,179.25,167.93,168.96,180.0,218.89,253.73,273.0,269.82,251.71,248.24,239.07,233.54,241.71,230.2,227.44,246.67,235.9,226.28,215.86,194.9,188.24,162.21,158.85
2022-12-22,France (FR),144.97,139.84,129.45,106.32,155.92,183.86,224.72,224.4,225.62,226.69,224.76,224.55,217.32,213.78,213.42,216.32,236.11,232.0,221.89,211.7,188.86,178.24,173.14,148.72
2022-12-23,France (FR),148.72,146.39,137.87,141.0,148.55,169.45,189.19,217.0,222.2,225.09,184.95,191.33,149.1,165.96,149.7,152.66,212.01,209.93,198.44,181.34,152.11,148.74,119.9,81.2
2022-12-24,France (FR),50.4,50.0,32.52,36.0,48.48,57.53,98.2,122.2,145.87,144.57,142.78,138.8,142.48,151.03,160.08,163.05,169.51,157.84,145.05,129.67,120.0,116.7,110.78,120.28
2022-12-25,France (FR),112.11,106.65,90.84,85.7,85.65,85.64,92.7,110.1,113.28,122.34,121.63,101.62,95.6,93.58,110.08,114.58,137.12,132.56,121.5,123.34,110.72,103.56,100.0,50.3
2022-12-26,France (FR),36.98,30.2,21.3,17.9,16.33,18.11,23.29,38.68,53.57,59.3,59.0,54.9,55.19,58.6,60.78,80.0,126.0,167.11,189.26,150.0,139.98,154.86,132.56,84.2
2022-12-27,France (FR),91.0,80.02,62.09,63.2,85.0,98.71,122.04,152.26,156.32,139.27,143.03,147.57,126.42,139.08,143.32,147.58,158.69,164.69,159.66,147.56,128.8,107.84,98.71,40.28
2022-12-28,France (FR),33.13,11.2,0.1,1.26,3.12,21.78,45.8,66.61,78.5,81.49,71.2,57.87,60.01,73.73,59.47,73.21,99.97,96.95,79.74,66.23,52.85,40.07,22.32,0.13
2022-12-29,France (FR),0.01,-0.05,-1.44,-1.18,-0.04,1.07,4.88,21.97,36.0,42.27,44.57,49.02,38.77,44.82,51.12,54.7,60.67,72.28,68.39,54.18,47.42,41.15,25.91,38.97
2022-12-30,France (FR),5.09,3.09,0.65,0.57,4.88,10.93,23.89,27.74,30.95,28.64,27.34,20.84,22.83,28.58,31.6,26.0,34.27,27.44,21.78,15.0,4.12,4.11,4.11,1.06
2022-12-31,France (FR),0.13,0.06,0.0,0.0,0.0,0.01,0.11,1.0,1.0,0.4,0.57,0.2,0.16,2.72,13.42,12.78,19.58,20.47,18.11,7.6,3.69,1.88,0.1,0.0
